{
  "image_only": {
    "cosine": {
      "10": {
        "precision": 0.9350499999999876,
        "recall": 0.09444949494947706,
        "f1": 0.17156880733945495,
        "map": 0.9187683531746014
      },
      "20": {
        "precision": 0.921829999999997,
        "recall": 0.18622828282825044,
        "f1": 0.30985882352944916,
        "map": 0.8992199286447562
      },
      "30": {
        "precision": 0.911403333333318,
        "recall": 0.2761828282828345,
        "f1": 0.4239085271317145,
        "map": 0.8847063586345819
      },
      "40": {
        "precision": 0.902032500000013,
        "recall": 0.36445757575753224,
        "f1": 0.5191553956835034,
        "map": 0.872113703830224
      },
      "50": {
        "precision": 0.8921559999999694,
        "recall": 0.45058383838380806,
        "f1": 0.5987624161074422,
        "map": 0.8594247648284116
      },
      "60": {
        "precision": 0.8816483333333303,
        "recall": 0.5343323232323302,
        "f1": 0.665394968553468,
        "map": 0.8462086149630721
      },
      "70": {
        "precision": 0.8694657142857328,
        "recall": 0.6147737373737256,
        "f1": 0.7202674556213007,
        "map": 0.8315529139905473
      },
      "80": {
        "precision": 0.8546512500000117,
        "recall": 0.6906272727272281,
        "f1": 0.7639340782122669,
        "map": 0.8142352288680798
      },
      "90": {
        "precision": 0.8351855555555623,
        "recall": 0.7592595959596254,
        "f1": 0.7954148148147833,
        "map": 0.79234669695395
      },
      "100": {
        "precision": 0.8045899999999753,
        "recall": 0.812717171717186,
        "f1": 0.808633165829144,
        "map": 0.7670457485414885
      }
    },
    "l2": {
      "10": {
        "precision": 0.9350499999999876,
        "recall": 0.09444949494947706,
        "f1": 0.17156880733945495,
        "map": 0.9187683531746014
      },
      "20": {
        "precision": 0.921829999999997,
        "recall": 0.18622828282825044,
        "f1": 0.30985882352944916,
        "map": 0.8992199286447562
      },
      "30": {
        "precision": 0.911403333333318,
        "recall": 0.2761828282828345,
        "f1": 0.4239085271317145,
        "map": 0.884706532953017
      },
      "40": {
        "precision": 0.902032500000013,
        "recall": 0.36445757575753224,
        "f1": 0.5191553956835034,
        "map": 0.8721137991439492
      },
      "50": {
        "precision": 0.8921559999999694,
        "recall": 0.45058383838380806,
        "f1": 0.5987624161074422,
        "map": 0.8594248639365344
      },
      "60": {
        "precision": 0.8816483333333303,
        "recall": 0.5343323232323302,
        "f1": 0.665394968553468,
        "map": 0.8462086975531747
      },
      "70": {
        "precision": 0.8694657142857328,
        "recall": 0.6147737373737256,
        "f1": 0.7202674556213007,
        "map": 0.8315529652960085
      },
      "80": {
        "precision": 0.8546512500000117,
        "recall": 0.6906272727272281,
        "f1": 0.7639340782122669,
        "map": 0.8142352583432857
      },
      "90": {
        "precision": 0.8351855555555623,
        "recall": 0.7592595959596254,
        "f1": 0.7954148148147833,
        "map": 0.7923467102453552
      },
      "100": {
        "precision": 0.8045899999999753,
        "recall": 0.812717171717186,
        "f1": 0.808633165829144,
        "map": 0.7670457534253996
      }
    },
    "dot": {
      "10": {
        "precision": 0.9350499999999876,
        "recall": 0.09444949494947706,
        "f1": 0.17156880733945495,
        "map": 0.9187683531746014
      },
      "20": {
        "precision": 0.921829999999997,
        "recall": 0.18622828282825044,
        "f1": 0.30985882352944916,
        "map": 0.8992199286447562
      },
      "30": {
        "precision": 0.911403333333318,
        "recall": 0.2761828282828345,
        "f1": 0.4239085271317145,
        "map": 0.8847064868397101
      },
      "40": {
        "precision": 0.902032500000013,
        "recall": 0.36445757575753224,
        "f1": 0.5191553956835034,
        "map": 0.8721137999840701
      },
      "50": {
        "precision": 0.8921559999999694,
        "recall": 0.45058383838380806,
        "f1": 0.5987624161074422,
        "map": 0.8594248646086311
      },
      "60": {
        "precision": 0.8816483333333303,
        "recall": 0.5343323232323302,
        "f1": 0.665394968553468,
        "map": 0.8462086981132554
      },
      "70": {
        "precision": 0.8694657142857328,
        "recall": 0.6147737373737256,
        "f1": 0.7202674556213007,
        "map": 0.8315529852621328
      },
      "80": {
        "precision": 0.8546512500000117,
        "recall": 0.6906272727272281,
        "f1": 0.7639340782122669,
        "map": 0.8142352912307173
      },
      "90": {
        "precision": 0.8351855555555623,
        "recall": 0.7592595959596254,
        "f1": 0.7954148148147833,
        "map": 0.7923467523874054
      },
      "100": {
        "precision": 0.8045899999999753,
        "recall": 0.812717171717186,
        "f1": 0.808633165829144,
        "map": 0.7670457989355391
      }
    }
  },
  "text_only": {
    "cosine": {
      "10": {
        "precision": 0.8244899999999856,
        "recall": 0.08328181818180612,
        "f1": 0.15128256880734028,
        "map": 0.7886599444444452
      },
      "20": {
        "precision": 0.8111949999999847,
        "recall": 0.16387777777775595,
        "f1": 0.27267058823531964,
        "map": 0.7672069396890984
      },
      "30": {
        "precision": 0.8016699999999775,
        "recall": 0.2429303030302978,
        "f1": 0.37286976744180056,
        "map": 0.7534902463236903
      },
      "40": {
        "precision": 0.7933075000000127,
        "recall": 0.3205282828282611,
        "f1": 0.4565798561151374,
        "map": 0.7420331394670707
      },
      "50": {
        "precision": 0.7849519999999733,
        "recall": 0.396440404040399,
        "f1": 0.526813422818818,
        "map": 0.7312725407252347
      },
      "60": {
        "precision": 0.7755066666666613,
        "recall": 0.4700040404040348,
        "f1": 0.585288050314467,
        "map": 0.7197302019213279
      },
      "70": {
        "precision": 0.7654971428571639,
        "recall": 0.5412606060606037,
        "f1": 0.6341396449704166,
        "map": 0.7075137007829778
      },
      "80": {
        "precision": 0.7526512500000059,
        "recall": 0.6082030303030131,
        "f1": 0.6727608938547419,
        "map": 0.6927443443871949
      },
      "90": {
        "precision": 0.7349444444444482,
        "recall": 0.6681313131313322,
        "f1": 0.6999470899470717,
        "map": 0.6732121012705937
      },
      "100": {
        "precision": 0.705510999999995,
        "recall": 0.712637373737387,
        "f1": 0.7090562814070306,
        "map": 0.6485734983409042
      }
    },
    "l2": {
      "10": {
        "precision": 0.8244899999999856,
        "recall": 0.08328181818180612,
        "f1": 0.15128256880734028,
        "map": 0.7886599444444452
      },
      "20": {
        "precision": 0.8111899999999846,
        "recall": 0.16387676767674586,
        "f1": 0.27266890756305073,
        "map": 0.7672026896890984
      },
      "30": {
        "precision": 0.8016699999999775,
        "recall": 0.2429303030302978,
        "f1": 0.37286976744180056,
        "map": 0.7534901114030554
      },
      "40": {
        "precision": 0.7933075000000127,
        "recall": 0.3205282828282611,
        "f1": 0.4565798561151374,
        "map": 0.7420330382765945
      },
      "50": {
        "precision": 0.7849519999999733,
        "recall": 0.396440404040399,
        "f1": 0.526813422818818,
        "map": 0.7312724232082279
      },
      "60": {
        "precision": 0.7755066666666613,
        "recall": 0.4700040404040348,
        "f1": 0.585288050314467,
        "map": 0.7197301180196695
      },