{
  "image_only": {
    "cosine": {
      "10": {
        "precision": 0.9317099999999864,
        "recall": 0.0941121212121045,
        "f1": 0.1709559633027576,
        "map": 0.9129845515872963
      },
      "20": {
        "precision": 0.9158149999999968,
        "recall": 0.18501313131310146,
        "f1": 0.307836974789951,
        "map": 0.8902915118300855
      },
      "30": {
        "precision": 0.904049999999982,
        "recall": 0.2739545454545504,
        "f1": 0.4204883720929561,
        "map": 0.8741098778638965
      },
      "40": {
        "precision": 0.8924700000000153,
        "recall": 0.3605939393939003,
        "f1": 0.5136517985611979,
        "map": 0.8591067316317541
      },
      "50": {
        "precision": 0.88109799999997,
        "recall": 0.44499898989896336,
        "f1": 0.5913409395973691,
        "map": 0.844657338597318
      },
      "60": {
        "precision": 0.8686149999999949,
        "recall": 0.5264333333333372,
        "f1": 0.6555584905660411,
        "map": 0.8293306017040458
      },
      "70": {
        "precision": 0.8544985714285936,
        "recall": 0.604190909090898,
        "f1": 0.7078686390532536,
        "map": 0.8125789719364401
      },
      "80": {
        "precision": 0.8378012500000097,
        "recall": 0.6770111111110763,
        "f1": 0.7488726256983096,
        "map": 0.7932853829476849
      },
      "90": {
        "precision": 0.8160855555555607,
        "recall": 0.7418959595959794,
        "f1": 0.777224338624313,
        "map": 0.7691129320456738
      },
      "100": {
        "precision": 0.7838269999999818,
        "recall": 0.7917444444444591,
        "f1": 0.7877658291457271,
        "map": 0.741962262961023
      }
    },
    "l2": {
      "10": {
        "precision": 0.9317099999999864,
        "recall": 0.0941121212121045,
        "f1": 0.1709559633027576,
        "map": 0.9129845515872963
      },
      "20": {
        "precision": 0.9158149999999967,
        "recall": 0.18501313131310146,
        "f1": 0.307836974789951,
        "map": 0.8902922618300854
      },
      "30": {
        "precision": 0.904049999999982,
        "recall": 0.2739545454545504,
        "f1": 0.4204883720929561,
        "map": 0.874109709273228
      },
      "40": {
        "precision": 0.8924725000000153,
        "recall": 0.3605949494949104,
        "f1": 0.5136532374101188,
        "map": 0.8591081084782263
      },
      "50": {
        "precision": 0.8810959999999699,
        "recall": 0.4449979797979533,
        "f1": 0.5913395973154899,
        "map": 0.8446558865475746
      },
      "60": {
        "precision": 0.8686149999999949,
        "recall": 0.5264333333333372,
        "f1": 0.6555584905660411,
        "map": 0.8293305474774636
      },
      "70": {
        "precision": 0.8545000000000224,
        "recall": 0.6041919191919081,
        "f1": 0.7078698224852062,
        "map": 0.8125797407508114
      },
      "80": {
        "precision": 0.8378012500000097,
        "recall": 0.6770111111110763,
        "f1": 0.7488726256983096,
        "map": 0.7932854336441335
      },
      "90": {
        "precision": 0.8160833333333386,
        "recall": 0.7418939393939593,
        "f1": 0.7772222222221966,
        "map": 0.7691115265741265
      },
      "100": {
        "precision": 0.7838259999999818,
        "recall": 0.791743434343449,
        "f1": 0.7877648241206014,
        "map": 0.7419619416526315
      }
    },
    "dot": {
      "10": {
        "precision": 0.9317099999999864,
        "recall": 0.0941121212121045,
        "f1": 0.1709559633027576,
        "map": 0.9129845515872963
      },
      "20": {
        "precision": 0.9158149999999968,
        "recall": 0.18501313131310146,
        "f1": 0.307836974789951,
        "map": 0.8902915118300855
      },
      "30": {
        "precision": 0.904049999999982,
        "recall": 0.2739545454545504,
        "f1": 0.4204883720929561,
        "map": 0.8741098224327377
      },
      "40": {
        "precision": 0.8924725000000153,
        "recall": 0.3605949494949104,
        "f1": 0.5136532374101188,
        "map": 0.8591081461143903
      },
      "50": {
        "precision": 0.88109799999997,
        "recall": 0.44499898989896336,
        "f1": 0.5913409395973691,
        "map": 0.8446572954004672
      },
      "60": {
        "precision": 0.8686149999999949,
        "recall": 0.5264333333333372,
        "f1": 0.6555584905660411,
        "map": 0.8293305657066702
      },
      "70": {
        "precision": 0.8544985714285936,
        "recall": 0.604190909090898,
        "f1": 0.7078686390532536,
        "map": 0.8125789392626044
      },
      "80": {
        "precision": 0.8378000000000096,
        "recall": 0.6770101010100661,
        "f1": 0.7488715083798739,
        "map": 0.7932844324510383
      },
      "90": {
        "precision": 0.8160844444444497,
        "recall": 0.7418949494949694,
        "f1": 0.7772232804232548,
        "map": 0.769112206930345
      },
      "100": {
        "precision": 0.7838269999999818,
        "recall": 0.7917444444444591,
        "f1": 0.7877658291457271,
        "map": 0.7419622600877761
      }
    }
  },
  "text_only": {
    "cosine": {
      "10": {
        "precision": 0.8044899999999882,
        "recall": 0.08126161616160482,
        "f1": 0.1476128440366973,
        "map": 0.7653640119047616
      },
      "20": {
        "precision": 0.7868849999999864,
        "recall": 0.15896666666664638,
        "f1": 0.2644991596638884,
        "map": 0.7387673781018645
      },
      "30": {
        "precision": 0.7746433333333123,
        "recall": 0.23474040404040064,
        "f1": 0.3602992248061442,
        "map": 0.7219229234264513
      },
      "40": {
        "precision": 0.7634625000000147,
        "recall": 0.3084696969696782,
        "f1": 0.43940287769786485,
        "map": 0.7074797846829793
      },
      "50": {
        "precision": 0.7531619999999759,
        "recall": 0.38038484848484866,
        "f1": 0.5054778523490091,
        "map": 0.6945167031882898
      },
      "60": {
        "precision": 0.7418249999999941,
        "recall": 0.44959090909090443,
        "f1": 0.5598679245283028,
        "map": 0.6808758350032977
      },
      "70": {
        "precision": 0.7294428571428773,
        "recall": 0.5157676767676738,
        "f1": 0.6042721893491179,
        "map": 0.6663468734174798
      },
      "80": {
        "precision": 0.714597500000008,
        "recall": 0.5774525252525091,
        "f1": 0.6387463687150831,
        "map": 0.6495582786538239
      },
      "90": {
        "precision": 0.6955722222222245,
        "recall": 0.6323383838383977,
        "f1": 0.6624497354497184,
        "map": 0.6287561972411424
      },
      "100": {
        "precision": 0.6668099999999951,
        "recall": 0.6735454545454579,
        "f1": 0.6701608040200971,
        "map": 0.6045027495751082
      }
    },
    "l2": {
      "10": {
        "precision": 0.8044899999999882,
        "recall": 0.08126161616160482,
        "f1": 0.1476128440366973,
        "map": 0.7653648492063486
      },
      "20": {
        "precision": 0.7868849999999864,
        "recall": 0.15896666666664638,
        "f1": 0.2644991596638884,
        "map": 0.7387677365465245
      },
      "30": {
        "precision": 0.7746433333333123,
        "recall": 0.23474040404040064,
        "f1": 0.3602992248061442,
        "map": 0.721923273500669
      },
      "40": {
        "precision": 0.7634650000000147,
        "recall": 0.3084707070706883,
        "f1": 0.4394043165467857,
        "map": 0.7074816507050291
      },
      "50": {
        "precision": 0.7531599999999758,
        "recall": 0.38038383838383855,
        "f1": 0.5054765100671299,
        "map": 0.6945153826066449
      },
      "60": {
        "precision": 0.7418249999999941,
        "recall": 0.44959090909090443,
        "f1": 0.5598679245283028,
        "map": 0.6808759584891991
      },