{
  "image_only": {
    "cosine": {
      "10": {
        "precision": 0.8688399999999863,
        "recall": 0.08776161616160297,
        "f1": 0.15942018348624037,
        "map": 0.8382707103174567
      },
      "20": {
        "precision": 0.8341249999999869,
        "recall": 0.1685101010100806,
        "f1": 0.2803781512605272,
        "map": 0.7917040239407199
      },
      "30": {
        "precision": 0.807046666666646,
        "recall": 0.24455959595958954,
        "f1": 0.3753705426355983,
        "map": 0.757331920110795
      },
      "40": {
        "precision": 0.7832800000000074,
        "recall": 0.3164767676767509,
        "f1": 0.4508086330935518,
        "map": 0.7279406665905028
      },
      "50": {
        "precision": 0.7607919999999846,
        "recall": 0.3842383838383772,
        "f1": 0.5105986577181447,
        "map": 0.7007011179516611
      },
      "60": {
        "precision": 0.7386049999999965,
        "recall": 0.4476393939393846,
        "f1": 0.5574377358490494,
        "map": 0.6745452331996006
      },
      "70": {
        "precision": 0.7157271428571543,
        "recall": 0.5060696969696921,
        "f1": 0.5929100591716011,
        "map": 0.6483295536382122
      },
      "80": {
        "precision": 0.691801250000003,
        "recall": 0.5590313131313086,
        "f1": 0.6183698324022368,
        "map": 0.62142007338058
      },
      "90": {
        "precision": 0.6652588888888911,
        "recall": 0.6047808080808126,
        "f1": 0.6335798941798875,
        "map": 0.5925576888120129
      },
      "100": {
        "precision": 0.6344519999999959,
        "recall": 0.6408606060606135,
        "f1": 0.6376402010050249,
        "map": 0.5654976948938375
      }
    },
    "l2": {
      "10": {
        "precision": 0.8688399999999863,
        "recall": 0.08776161616160297,
        "f1": 0.15942018348624037,
        "map": 0.8382707103174567
      },
      "20": {
        "precision": 0.8341249999999869,
        "recall": 0.1685101010100806,
        "f1": 0.2803781512605272,
        "map": 0.7917040239407199
      },
      "30": {
        "precision": 0.807046666666646,
        "recall": 0.24455959595958954,
        "f1": 0.3753705426355983,
        "map": 0.7573320408837418
      },
      "40": {
        "precision": 0.7832800000000074,
        "recall": 0.3164767676767509,
        "f1": 0.4508086330935518,
        "map": 0.7279407251645231
      },
      "50": {
        "precision": 0.7607919999999846,
        "recall": 0.3842383838383772,
        "f1": 0.5105986577181447,
        "map": 0.7007011648108773
      },
      "60": {
        "precision": 0.7386049999999965,
        "recall": 0.4476393939393846,
        "f1": 0.5574377358490494,
        "map": 0.6745452722489473
      },
      "70": {
        "precision": 0.7157257142857257,
        "recall": 0.5060686868686819,
        "f1": 0.5929088757396485,
        "map": 0.6483290564968359
      },
      "80": {
        "precision": 0.691801250000003,
        "recall": 0.5590313131313086,
        "f1": 0.6183698324022368,
        "map": 0.6214201166186176
      },
      "90": {
        "precision": 0.66525777777778,
        "recall": 0.6047797979798025,
        "f1": 0.6335788359788292,
        "map": 0.5925568260112561
      },
      "100": {
        "precision": 0.6344519999999959,
        "recall": 0.6408606060606135,
        "f1": 0.6376402010050249,
        "map": 0.5654977267585799
      }
    },
    "dot": {
      "10": {
        "precision": 0.8688399999999863,
        "recall": 0.08776161616160297,
        "f1": 0.15942018348624037,
        "map": 0.8382707103174567
      },
      "20": {
        "precision": 0.8341249999999869,
        "recall": 0.1685101010100806,
        "f1": 0.2803781512605272,
        "map": 0.7917040239407199
      },
      "30": {
        "precision": 0.807046666666646,
        "recall": 0.24455959595958954,
        "f1": 0.3753705426355983,
        "map": 0.7573320408837418
      },
      "40": {
        "precision": 0.7832800000000074,
        "recall": 0.3164767676767509,
        "f1": 0.4508086330935518,
        "map": 0.727940757170213
      },
      "50": {
        "precision": 0.7607919999999846,
        "recall": 0.3842383838383772,
        "f1": 0.5105986577181447,
        "map": 0.7007011904154292
      },
      "60": {
        "precision": 0.7386049999999965,
        "recall": 0.4476393939393846,
        "f1": 0.5574377358490494,
        "map": 0.674545293586074
      },
      "70": {
        "precision": 0.7157271428571543,
        "recall": 0.5060696969696921,
        "f1": 0.5929100591716011,
        "map": 0.6483295940909456
      },
      "80": {
        "precision": 0.691801250000003,
        "recall": 0.5590313131313086,
        "f1": 0.6183698324022368,
        "map": 0.6214201087767219
      },
      "90": {
        "precision": 0.6652588888888911,
        "recall": 0.6047808080808126,
        "f1": 0.6335798941798875,
        "map": 0.59255772027525
      },
      "100": {
        "precision": 0.6344519999999959,
        "recall": 0.6408606060606135,
        "f1": 0.6376402010050249,
        "map": 0.5654977234967804
      }
    }
  },
  "text_only": {
    "cosine": {
      "10": {
        "precision": 0.758429999999988,
        "recall": 0.0766090909090818,
        "f1": 0.13916146788990622,
        "map": 0.7086535039682531
      },
      "20": {
        "precision": 0.7162549999999874,
        "recall": 0.14469797979796648,
        "f1": 0.2407579831932935,
        "map": 0.6530092946973747
      },
      "30": {
        "precision": 0.6821199999999936,
        "recall": 0.20670303030301712,
        "f1": 0.3172651162790215,
        "map": 0.6112949596163486
      },
      "40": {
        "precision": 0.6514550000000058,
        "recall": 0.2632141414141329,
        "f1": 0.37493812949640876,
        "map": 0.5753335558466727
      },
      "50": {
        "precision": 0.6228219999999972,
        "recall": 0.31455656565656015,
        "f1": 0.41800134228189073,
        "map": 0.5428844427671171
      },
      "60": {
        "precision": 0.5950449999999974,
        "recall": 0.36063333333332787,
        "f1": 0.4490905660377328,
        "map": 0.5123368376924331
      },
      "70": {
        "precision": 0.5682928571428627,
        "recall": 0.4018232323232279,
        "f1": 0.470775147928993,
        "map": 0.4834479847868718
      },
      "80": {
        "precision": 0.5417162499999997,
        "recall": 0.4377505050505038,
        "f1": 0.4842156424581038,
        "map": 0.45515036927308655
      },
      "90": {
        "precision": 0.5145888888888901,
        "recall": 0.4678080808080817,
        "f1": 0.49008465608465057,
        "map": 0.4270309899555545
      },
      "100": {
        "precision": 0.48743500000000595,
        "recall": 0.49235858585858694,
        "f1": 0.4898844221105539,
        "map": 0.40332800343560665
      }
    },
    "l2": {
      "10": {
        "precision": 0.758429999999988,
        "recall": 0.0766090909090818,
        "f1": 0.13916146788990622,
        "map": 0.7086535039682531
      },
      "20": {
        "precision": 0.7162499999999874,
        "recall": 0.14469696969695636,
        "f1": 0.2407563025210246,
        "map": 0.6530045446973748
      },
      "30": {
        "precision": 0.6821199999999936,
        "recall": 0.20670303030301712,
        "f1": 0.3172651162790215,
        "map": 0.6112948088226977
      },
      "40": {
        "precision": 0.6514550000000058,
        "recall": 0.2632141414141329,
        "f1": 0.37493812949640876,
        "map": 0.575333417110409
      },
      "50": {
        "precision": 0.6228219999999972,
        "recall": 0.31455656565656015,
        "f1": 0.41800134228189073,
        "map": 0.5428843317781061
      },
      "60": {
        "precision": 0.5950449999999974,
        "recall": 0.36063333333332787,
        "f1": 0.4490905660377328,
        "map": 0.5123367452015907
      },